<?xml version="1.0" encoding="UTF-8"?>
<metadata>
	<layout title="COM_OUTERSCRIPTS_OUTERSCRIPTS_VIEW_DEFAULT_TITLE"
		option="COM_OUTERSCRIPTS_VIEW_DEFAULT_OPTION">
		<message>
			<![CDATA[COM_OUTERSCRIPTS_OUTERSCRIPTS_VIEW_DEFAULT_DESC]]>
		</message>
	</layout>
	<fields name="params">
		<fieldset name="request" label="COM_MENUS_BASIC_FIELDSET_LABEL"></fieldset>
		<fieldset name="outerscripts">
			<field
				name="outerscript_location"
				type="sql"
				label="COM_OUTERSCRIPTS_OUTERSCRIPT_LABEL_SCRIPT_LOCATION"
				description="COM_OUTERSCRIPTS_OUTERSCRIPT_DESCRIPTION_SCRIPT_LOCATION"
				query="SELECT a.id,a.type,a.title,a.inline_code,a.external_path,a.state FROM #__outerscripts as a WHERE a.state=1 ORDER BY id DESC"
				key_field="id"
				value_field="title"
			/>
			<field
				name="show_page_title"
				type="list"
				label="COM_OUTERSCRIPTS_OUTERSCRIPT_LABEL_PAGE_TITLE"
				default="2"
			>
				<option value="0">JHIDE</option>
				<option value="1">JSHOW</option>
				<option value="2">JGLOBAL_AUTO</option>
			</field>
		</fieldset>
	</fields>
</metadata>