<?xml version="1.0" encoding="utf-8"?>
<extension type="module" client="site" method="upgrade">
	<name>OUTERSCRIPTS</name>
	<author>Tech Space Hub</author>
	<creationDate>January 2023</creationDate>
	<copyright>Copyright (C) 2023 Tech Space Hub, All rights reserved.</copyright>
	<license>GNU/GPL Version 3 or later - https://www.gnu.org/licenses/gpl-3.0.html</license>
	<authorEmail>talk@techspacehub.com</authorEmail>
	<authorUrl>https://techspacehub.com/</authorUrl>
	<version>1.0.0</version>
	<description>
		<![CDATA[
		<table width="100%" cellpadding="0" cellspacing="0" border="0" align="center"><tr><td>
		<table width="100%" cellpadding="5" cellspacing="5" border="0"><tr><td valign="top"><img src="../components/com_outerscripts/assets/images/outerscripts.png" border="0" /></td>
			<td valign="top" style="padding-left:60px;text-align:left;">
				<p>This extension enables the use of unique external scripts (such as PHP, HTML, JS, and CSS) in Joomla pages. Both inline scripts and external file paths may be added to the same page. When using external scripts on Joomla pages, this plugin seeks to provide users a little more flexibility. A component, module, and sample script are included with this extension.</p>
			</td></tr></table>
			</td></tr>
		</table>
		]]>
	</description>
	<namespace path="src">Joomla\Module\Outerscripts</namespace>
	<files>
		<filename module="mod_outerscripts">mod_outerscripts.php</filename>
		<folder>src</folder>
		<folder>tmpl</folder>
	</files>
	<languages>
		<language tag="en-GB">language/en-GB/mod_outerscripts.ini</language>
		<language tag="en-GB">language/en-GB/mod_outerscripts.sys.ini</language>
	</languages>
	<help key="Site_Modules:_Outerscripts_Include" />
	<config>
		<fields name="params">
			<fieldset name="basic">
				<field
					name="outerscript_location"
					type="sql"
					label="MOD_OUTERSCRIPTS_OUTERSCRIPT_LABEL_SCRIPT_LOCATION"
					query="SELECT a.id,a.type,a.title,a.inline_code,a.external_path,a.state FROM #__outerscripts as a WHERE a.state=1 ORDER BY id DESC"
					key_field="id"
					value_field="title"
				/>
			</fieldset>
			<fieldset name="advanced">
				<field
					name="layout"
					type="modulelayout"
					label="JFIELD_ALT_LAYOUT_LABEL"
					class="form-select"
					validate="moduleLayout"
				/>
				<field
					name="moduleclass_sfx"
					type="textarea"
					label="COM_MODULES_FIELD_MODULECLASS_SFX_LABEL"
					rows="3"
					validate="CssIdentifier"
				/>
				<field
					name="cache"
					type="list"
					label="COM_MODULES_FIELD_CACHING_LABEL"
					default="1"
					filter="integer"
					validate="options"
					>
					<option value="1">JGLOBAL_USE_GLOBAL</option>
					<option value="0">COM_MODULES_FIELD_VALUE_NOCACHING</option>
				</field>
				<field
					name="cache_time"
					type="number"
					label="COM_MODULES_FIELD_CACHE_TIME_LABEL"
					default="900"
					filter="integer"
				/>
			</fieldset>
		</fields>
	</config>
</extension>
