<?xml version="1.0" encoding="UTF-8"?>
<extension type="component" method="upgrade">
	<name>OUTERSCRIPTS</name>
	<creationDate>January 2023</creationDate>
	<author>Tech Space Hub</author>
	<authorEmail>talk@techspacehub.com</authorEmail>
	<authorUrl>https://techspacehub.com/</authorUrl>
	<copyright>Copyright (C) 2023 Tech Space Hub, All rights reserved.</copyright>
	<license>GNU/GPL Version 3 or later - https://www.gnu.org/licenses/gpl-3.0.html</license>
	<version>1.0.0</version>
	<description>
		<![CDATA[
		<table width="100%" cellpadding="0" cellspacing="0" border="0" align="center"><tr><td>
		<table width="100%" cellpadding="5" cellspacing="5" border="0"><tr><td valign="top"><img src="../components/com_outerscripts/assets/images/outerscripts.png" border="0" /></td>
			<td valign="top" style="padding-left:60px;text-align:left;">
				<p>This extension enables the use of unique external scripts (such as PHP, HTML, JS, and CSS) in Joomla pages. Both inline scripts and external file paths may be added to the same page. When using external scripts on Joomla pages, this plugin seeks to provide users a little more flexibility. A component, module, and sample script are included with this extension.</p>
			</td></tr></table>
			</td></tr>
		</table>
		]]>
	</description>
	<namespace path="src">Joomla\Component\Outerscripts</namespace>

	<install>
		<!-- Runs on install -->
		<sql>
			<file driver="mysql" charset="utf8">sql/install.mysql.sql</file>
		</sql>
	</install>

	<uninstall>
		<!-- Runs on uninstall -->
		<sql>
			<file driver="mysql" charset="utf8">sql/uninstall.mysql.sql</file>
		</sql>
	</uninstall>

	<files folder="site">
		<folder>assets</folder>
		<folder>src</folder>
		<folder>tmpl</folder>
	</files>

	<languages folder="site">
		<language tag="en-GB">language/en-GB/com_outerscripts.ini</language>
		<language tag="en-US">language/en-US/com_outerscripts.ini</language>
		<language tag="de-DE">language/de-DE/com_outerscripts.ini</language>
		<language tag="ru-RU">language/ru-RU/com_outerscripts.ini</language>
		<language tag="it-IT">language/it-IT/com_outerscripts.ini</language>
		<language tag="pl-PL">language/pl-PL/com_outerscripts.ini</language>
		<language tag="nl-NL">language/nl-NL/com_outerscripts.ini</language>
		<language tag="fr-FR">language/fr-FR/com_outerscripts.ini</language>
		<language tag="fr-CH">language/fr-CH/com_outerscripts.ini</language>
		<language tag="es-ES">language/es-ES/com_outerscripts.ini</language>
		<language tag="pt-BR">language/pt-BR/com_outerscripts.ini</language>
		<language tag="el-GR">language/el-GR/com_outerscripts.ini</language>
		<language tag="fi-FI">language/fi-FI/com_outerscripts.ini</language>
		<language tag="ro-RO">language/ro-RO/com_outerscripts.ini</language>
		<language tag="no-NO">language/no-NO/com_outerscripts.ini</language>
		<language tag="da-DK">language/da-DK/com_outerscripts.ini</language>
	</languages>

	<media destination="com_outerscripts" folder="media">
		<file>example-script.php</file>
	</media>

	<administration>

		<files folder="admin">
			<file>access.xml</file>
			<folder>forms</folder>
			<folder>services</folder>
			<folder>sql</folder>
			<folder>src</folder>
			<folder>tmpl</folder>
		</files>

		<languages folder="admin">
			<language tag="en-GB">language/en-GB/com_outerscripts.ini</language>
			<language tag="en-GB">language/en-GB/com_outerscripts.sys.ini</language>
			<language tag="en-US">language/en-US/com_outerscripts.ini</language>
			<language tag="en-US">language/en-US/com_outerscripts.sys.ini</language>
			<language tag="de-DE">language/de-DE/com_outerscripts.ini</language>
			<language tag="de-DE">language/de-DE/com_outerscripts.sys.ini</language>
			<language tag="ru-RU">language/ru-RU/com_outerscripts.ini</language>
			<language tag="ru-RU">language/ru-RU/com_outerscripts.sys.ini</language>
			<language tag="it-IT">language/it-IT/com_outerscripts.ini</language>
			<language tag="it-IT">language/it-IT/com_outerscripts.sys.ini</language>
			<language tag="pl-PL">language/pl-PL/com_outerscripts.ini</language>
			<language tag="pl-PL">language/pl-PL/com_outerscripts.sys.ini</language>
			<language tag="nl-NL">language/nl-NL/com_outerscripts.ini</language>
			<language tag="nl-NL">language/nl-NL/com_outerscripts.sys.ini</language>
			<language tag="fr-FR">language/fr-FR/com_outerscripts.ini</language>
			<language tag="fr-FR">language/fr-FR/com_outerscripts.sys.ini</language>
			<language tag="fr-CH">language/fr-CH/com_outerscripts.ini</language>
			<language tag="fr-CH">language/fr-CH/com_outerscripts.sys.ini</language>
			<language tag="es-ES">language/es-ES/com_outerscripts.ini</language>
			<language tag="es-ES">language/es-ES/com_outerscripts.sys.ini</language>
			<language tag="pt-BR">language/pt-BR/com_outerscripts.ini</language>
			<language tag="pt-BR">language/pt-BR/com_outerscripts.sys.ini</language>
			<language tag="el-GR">language/el-GR/com_outerscripts.ini</language>
			<language tag="el-GR">language/el-GR/com_outerscripts.sys.ini</language>
			<language tag="fi-FI">language/fi-FI/com_outerscripts.ini</language>
			<language tag="fi-FI">language/fi-FI/com_outerscripts.sys.ini</language>
			<language tag="ro-RO">language/ro-RO/com_outerscripts.ini</language>
			<language tag="ro-RO">language/ro-RO/com_outerscripts.sys.ini</language>
			<language tag="no-NO">language/no-NO/com_outerscripts.ini</language>
			<language tag="no-NO">language/no-NO/com_outerscripts.sys.ini</language>
			<language tag="da-DK">language/da-DK/com_outerscripts.ini</language>
			<language tag="da-DK">language/da-DK/com_outerscripts.sys.ini</language>
		</languages>

		<menu img="class:default">OUTERSCRIPTS</menu>
		<submenu>
			<menu link="option=com_outerscriptsouterscripts" img="class:default">
				COM_OUTERSCRIPTS</menu>
		</submenu>

	</administration>
	
</extension>